{"ABCUBKR":0.0,"ABCUOTHR":0.0,"ABCXBKR":0.0,"ABCXOTHR":0.0,"ADDNONINTEXPQR":0.8965429449526269,"ADDNONINTEXPR":0.8515585561238279,"ALLOTHLR":0.3635344227308489,"ASCEOTHR":0.0,"ASCERESR":0.0,"ASDROTHR":0.0,"ASDRRESR":0.0,"ASSTLTR":31.232309347898823,"AVASSETJR":99.61611850137004,"BKPREMR":0.5859957858945027,"BROINSR":8.472974561633553,"BROR":8.472974561633553,"CBLRIND":0.0,"CBLRINDQ":null,"CD1T3R":0.2387390238829455,"CD1T3SR":6.801801394452935,"CD3LESR":0.0,"CD3LESSR":4.298206744377424,"CD3T12R":1.3537587831544298,"CD3T12SR":11.713133359257014,"CDOV3R":0.0,"CDOV3SR":0.528571816134779,"CERT":10004,"CHBALIR":0.733851204094736,"CHBALNIR":1.7435183259330265,"CHBALR":2.4773695300277625,"CHCICR":0.0,"CHCOINR":0.0,"CHFRBR":0.0,"CHITEMR":0.0,"CHUSR":0.0,"COREDEPR":70.9719572078386,"CRAGQR":0.0,"CRAGR":0.0,"CRAGSMQR":0.0,"CRAGSMR":0.0,"CRAUTOQR":0.0,"CRAUTOR":0.0,"CRCINUSQR":0.0,"CRCINUSR":0.0,"CRCIQR":0.0,"CRCIR":0.0,"CRCONOTHR":0.0,"CRCONOTQR":0.0,"CRCONQR":0.0,"CRCONR":0.0,"CRCRCDQR":0.0,"CRCRCDR":0.0,"CRDEPNUQR":0.0,"CRDEPNUSR":0.0,"CRDEPQR":0.0,"CRDEPR":0.0,"CRFORGVQR":0.0,"CRFORGVR":0.0,"CRLNLSQR":0.0,"CRLNLSR":0.0,"CRLSQR":0.0,"CRLSR":0.0,"DDTR":15.220517087022184,"DEPDOMR":81.03742957650952,"DEPFORR":0.0,"DEPIFORR":0.0,"DEPIPCCFR":0.0,"DEPNIFORR":0.0,"DEPR":81.03742957650952,"DRLNLSQR":0.0218225463274473,"DRLNLSR":0.0122379672736358,"EAMINTANR":0.0,"EAMINTQR":0.0,"EDEPDOMQR":1.0329338594991726,"EDEPDOMR":0.931105343402461,"EDEPFORQR":0.0,"EDEPFORR":0.0,"EFREPPQR":0.0509192747640437,"EFREPPR":0.0418130548515891,"EINTEXPR":1.2880460555501732,"EINTXQR":1.5021186055392897,"ELNATQR":158.33,"ELNATRR":0.0397733936393165,"ELNLOSQ":19.0,"EOTHNINQR":0.8965429449526269,"EOTHNINTR":0.8515585561238279,"EPREMAGGR":0.352861389723167,"EPREMAGQR":0.3527978322937314,"EQCDIVCR":0.0611898363681792,"EQCDIVPR":0.0,"EQCDIVQR":0.1091127316372365,"EQCDIVR":0.0611898363681792,"EQCSR":0.0678235863303822,"EQPPR":0.0,"EQR":9.547300169106808,"EQSURR":7.018384713467955,"EQUPTOTR":2.4610918693084707,"ESALQR":1.260252050410082,"ESALR":1.3308789410078985,"EXTRAQR":0.0,"EXTRAR":0.0,"FREPPR":0.686826850905671,"ICHBALQR":0.0181854552728727,"ICHBALR":0.0387535630331801,"IFREPOQR":0.0018185455272872,"IFREPOR":0.0122379672736358,"IGLSECQR":0.0054556365818618,"IGLSECR":0.0081586448490905,"ILNDOMQR":4.520904180836167,"ILNDOMR":4.167027856673006,"ILNFORQR":0.0,"ILNFORR":0.0,"ILSQR":0.0,"ILSR":0.0,"INTANR":2.019786400918784,"INTEXPY":1.3917380931829049,"INTINCR":4.507651279122538,"INTINQR":4.890068922875484,"IOTHIIQR":0.02000400080016,"IOTHIIR":0.01937678151659,"IRAKEOGHR":2.9598213074578816,"ISCQR":0.3291567404389969,"ISCR":0.270255110626125,"ISERCHGR":0.0336544100024985,"ITAXQR":0.3382494680754332,"ITAXR":0.2457791760788532,"ITRADEQR":0.0,"ITRADER":0.0,"LIABEQR":100.0,"LIABR":90.4526998308932,"LNAGR":9.79056076541178,"LNATRESRR":0.6750707626084047,"LNAUTOR":0.4978251236650057,"LNCIR":11.502428084390628,"LNCONOTHR":0.3495175482225698,"LNCONR":0.8491513008563859,"LNCRCDR":0.0,"LNFGR":0.0,"LNLSGRR":85.08197610801133,"LNLSNETR":84.40690534540292,"LNMUNIR":1.7701956032229769,"LNOTCIR":1.8325933026469283,"LNREAGR":17.969180962371475,"LNRECONSR":7.167144446152594,"LNREDOMR":61.12758973060471,"LNREFORR":0.0,"LNRELOCR":0.2550166846022372,"LNREMULTR":3.4083612917228097,"LNRENRESR":23.069062497174016,"LNRER":61.12758973060471,"LNRERESR":9.51384053318382,"LSR":0.0,"NETIMINQR":0.0,"NETIMINR":0.0,"NETINBMQR":0.8783574896797541,"NETINBMR":0.7291788833874694,"NETINCQR":0.8783574896797541,"NETINCR":0.7291788833874694,"NIMQR":3.3879503173361947,"NIMR":3.2196052235723647,"NONIIR":0.3222664715390773,"NONIXQR":2.5095928276564403,"NONIXR":2.5352988868548936,"NTLNLSCOQR":0.0218225463274473,"NTLNLSCOR":0.0122379672736358,"NTRIPCR":49.95659290474856,"NTRMUNIR":5.51993561280871,"NTRR":55.47652851755727,"NTRTMLGJR":1.5924978070373754,"NTRTMMEDR":6.152955751892278,"NTRUSGOVR":0.0,"NTTOTQ":12.0,"ORER":0.0,"OTBFH1LR":6.330201390835677,"OTBFH3T5R":0.0,"OTBFHOV5R":0.0,"OTBOT1LR":0.0,"OTBOT1T3R":0.0,"OTBOT3T5R":0.0,"OTBOTOV5R":0.0,"OTHBFH1LR":6.330201390835677,"OTHBFHLBR":8.364908980747146,"OTHBOT1LR":0.0,"OTHBRFR":8.364908980747146,"ROE":0.0821,"SCASPNSUMR":0,"SCDOMOR":0.0,"SCFORDR":0.0,"SCMTGBKR":3.198560331340828,"SCMUNIR":3.915681717474069,"SCODPCR":0.0,"SCR":7.8218681328618835,"SCUSR":3.894882484332752,"SCUSTR":0.0,"TRADELR":0.0,"TRADER":0.0,"TRNIPCOCR":24.26727918901077,"TRNMUNIR":1.293621869941491,"TRNR":25.56090105895226,"TRNUSGOVR":0.0,"TSR":65.81691248948735,"CROTHERR":0.0,"CROTHQR":0.0,"CRREAGQR":0.0,"CRREAGR":0.0,"CRRECONQR":0.0,"CRRECONSR":0.0,"CRREFORQR":0.0,"CRREFORR":0.0,"CRRELOCQR":0.0,"CRRELOCR":0.0,"CRREMULQR":0.0,"CRREMULTR":0.0,"CRRENRESR":0.0,"CRRENRSQR":0.0,"CRRENUSQR":0.0,"CRRENUSR":0.0,"CRREOFFDOMQR":0.0,"CRREOFFDOMR":0.0,"CRREQR":0.0,"CRRER":0.0,"CRRERESQR":0.0,"CRRERESR":0.0,"CRRERS2QR":0.0,"CRRERSF2R":0.0,"CRRERSFMR":0.0,"CRRERSFQR":0.0,"DEPCSBQR":0.0,"DEPFBKFR":0.0,"DEPFGOVFR":0.0,"DEPIDOMR":67.39448910753204,"DEPINSR":69.36544252629294,"DEPLGAMTR":21.945451750300684,"DEPLGRAR":0.0,"DEPLSNBR":0.4462791980539152,"DEPNIDOMR":13.64248831173529,"DEPSMAMTR":56.22982248306671,"DEPSMRAR":2.9620820936688945,"DEPUSBKFR":0.0,"DEPUSMFR":0.0,"DRAGQR":0.0,"DRAGR":0.0,"DRAGSMQR":0.0,"DRAGSMR":0.0,"DRAUTOQR":0.0218225463274473,"DRAUTOR":0.0122379672736358,"DRCINUSQR":0.0,"DRCINUSR":0.0,"DRCIQR":0.0,"DRCIR":0.0,"DRCONOTHR":0.0,"DRCONOTQR":0.0,"DRCONQR":0.0218225463274473,"DRCONR":0.0122379672736358,"DRCRCDQR":0.0,"DRCRCDR":0.0,"DRDEPNUQR":0.0,"DRDEPNUSR":0.0,"DRDEPQR":0.0,"DRDEPR":0.0,"DRFORGVQR":0.0,"DRFORGVR":0.0,"DRLSQR":0.0,"DRLSR":0.0,"DROTHERR":0.0,"DROTHQR":0.0,"DRREAGQR":0.0,"DRREAGR":0.0,"DRRECONQR":0.0,"DRRECONSR":0.0,"DRREFORQR":0.0,"DRREFORR":0.0,"DRRELOCQR":0.0,"DRRELOCR":0.0,"DRREMULQR":0.0,"DRREMULTR":0.0,"DRRENRESR":0.0,"DRRENRSQR":0.0,"DRRENUSQR":0.0,"DRRENUSR":0.0,"DRREOFFDOMQR":0.0,"DRREOFFDOMR":0.0,"DRREQR":0.0,"DRRER":0.0,"DRRERESQR":0.0,"DRRERESR":0.0,"DRRERS2QR":0.0,"DRRERSF2R":0.0,"DRRERSFMR":0.0,"DRRERSFQR":0.0,"EEFF":2486.0,"EEFFQ":1380.0,"EEFFQR":66.83,"EEFFR":71.5807659084365,"EINTGWQR":0.0,"EINTGWR":0.0,"EINTOTHQR":0.0,"EINTOTHR":0.0,"ENCEAUTOR":0.0,"ENCECIR":0.0,"ENCECONR":0.0,"ENCEOTHR":0.0,"ENCERESR":0.0,"EOTHINTQR":0.4182654712760734,"EOTHINTR":0.3151276572961231,"EQCBHCTRR":0.1157522540038523,"EQCCOMPIR":0.1039961657065861,"EQCMRGR":4.211844711116738,"EQCPREVR":4.819544044636963,"EQCRESTR":0.0,"EQCSTKRXR":0.0,"EQCSXQR":0.0,"EQCTRSTXR":0.0,"EQTOTR":9.547300169106808,"IBEFXTRQR":0.8783574896797541,"IBEFXTRR":0.7291788833874694,"IEFF":3473.0,"IEFFQ":2065.0,"IFIDUCQR":0.0,"IFIDUCR":0.0,"IGLCMEXQR":0.0,"IGLCMEXR":0.0,"IGLCREXQR":0.0,"IGLCREXR":0.0,"IGLEDEXQR":0.0,"IGLEDEXR":0.0,"IGLFXEXQR":0.0,"IGLFXEXR":0.0,"IGLRTEXQR":0.0,"IGLRTEXR":0.0,"IGLTRADR":0.0,"IGLTRDQR":0.0,"IINSCOMQR":0.0,"IINSCOMR":0.0,"IINSOTHQR":0.0,"IINSOTHR":0.0,"IINSUNDQR":0.0,"IINSUNDR":0.0,"IINVFEEQR":0.0,"IINVFEER":0.0,"INTANGWR":1.3447156383103789,"INTANMSRR":0.0,"INTANOTHR":0.6750707626084047,"IOTNIIQR":0.0872901853097892,"IOTNIIR":0.1091218748565863,"ISECZQR":0.0,"ISECZR":0.0,"ISERCHGQR":0.0436450926548946,"ISERFEEQR":0.2364109185473458,"ISERFEER":0.1774505254677198,"IVENCAPQR":0.0,"IVENCAPR":0.0,"LAGR":0.0,"LCIR":0.0,"LCONR":0.0,"LNAG1NR":0.1347428581763594,"LNAG1R":3.095016322876444,"LNAG2NR":0.0203470758991146,"LNAG2R":2.259429739286134,"LNAG3NR":0.0031651006954178,"LNAG3R":1.5572295421455766,"LNAG4NR":0.1582550347708919,"LNAG4R":6.911675604308154,"LNAGFORR":0.0,"LNCI1NR":0.0497372966422803,"LNCI1R":1.2696575361047555,"LNCI2NR":0.0126604027816713,"LNCI2R":1.4600157350720286,"LNCI3NR":0.0108517738128611,"LNCI3R":3.642126585941527,"LNCI4NR":0.0732494732368128,"LNCI4R":6.371799857118312,"LNCIFORR":0.0,"LNCINUSFR":0.0,"LNCOMRER":0.5651965527531855,"LNCONFORR":0.0,"LNCONRPR":0.0018086289688101,"LNCONTRAR":0.0203470758991146,"LNDEPAOBKR":0.0,"LNDEPCBFR":0.0,"LNDEPFCFR":0.0,"LNDEPUSFR":0.0,"LNEXAMTR":1.8511317495772328,"LNFGFORR":0.0,"LNLSFORR":0.0,"LNLSGRFR":0.0,"LNLSNQR":1.1892993890279877,"LNLSSALER":0.0,